<?xml version="1.0" encoding="UTF-8"?>
<project-private xmlns="http://www.netbeans.org/ns/project-private/1">
    <editor-bookmarks xmlns="http://www.netbeans.org/ns/editor-bookmarks/2" lastBookmarkId="0"/>
    <open-files xmlns="http://www.netbeans.org/ns/projectui-open-files/2">
        <group>
            <file>file:/C:/Users/Lex%20Zedrick%20Lorenzo/Documents/GitHub/Machine-P4/Land_Games_Store/src/java/model/Prices.java</file>
            <file>file:/C:/Users/Lex%20Zedrick%20Lorenzo/Documents/GitHub/Machine-P4/Land_Games_Store/web/checkout.jsp</file>
            <file>file:/C:/Users/Lex%20Zedrick%20Lorenzo/Documents/GitHub/Machine-P4/Land_Games_Store/web/cart.jsp</file>
            <file>file:/C:/Users/Lex%20Zedrick%20Lorenzo/Documents/GitHub/Machine-P4/Land_Games_Store/web/checkoutstyles.css</file>
            <file>file:/C:/Users/Lex%20Zedrick%20Lorenzo/Documents/GitHub/Machine-P4/Land_Games_Store/src/java/controller/processServlet.java</file>
            <file>file:/C:/Users/Lex%20Zedrick%20Lorenzo/Documents/GitHub/Machine-P4/Land_Games_Store/src/java/controller/UpdateServlet.java</file>
            <file>file:/C:/Users/Lex%20Zedrick%20Lorenzo/Documents/GitHub/Machine-P4/Land_Games_Store/src/java/model/Storing.java</file>
            <file>file:/C:/Users/Lex%20Zedrick%20Lorenzo/Documents/GitHub/Machine-P4/Land_Games_Store/web/index.jsp</file>
        </group>
    </open-files>
</project-private>
