<?xml version="1.0" encoding="UTF-8"?>
<project-private xmlns="http://www.netbeans.org/ns/project-private/1">
    <editor-bookmarks xmlns="http://www.netbeans.org/ns/editor-bookmarks/2" lastBookmarkId="0"/>
    <open-files xmlns="http://www.netbeans.org/ns/projectui-open-files/2">
        <group>
            <file>file:/C:/Users/Lex%20Zedrick%20Lorenzo/Documents/NetBeansProjects/Animend-20221112T055402Z-001/Animend/web/contentpage.jsp</file>
            <file>file:/C:/Users/Lex%20Zedrick%20Lorenzo/Documents/NetBeansProjects/Animend-20221112T055402Z-001/Animend/web/index.jsp</file>
            <file>file:/C:/Users/Lex%20Zedrick%20Lorenzo/Documents/NetBeansProjects/Animend-20221112T055402Z-001/Animend/src/java/controller/Logout.java</file>
            <file>file:/C:/Users/Lex%20Zedrick%20Lorenzo/Documents/NetBeansProjects/Animend-20221112T055402Z-001/Animend/src/java/controller/HomepageServlet.java</file>
            <file>file:/C:/Users/Lex%20Zedrick%20Lorenzo/Documents/NetBeansProjects/Animend-20221112T055402Z-001/Animend/src/java/controller/AfterLogin.java</file>
            <file>file:/C:/Users/Lex%20Zedrick%20Lorenzo/Documents/NetBeansProjects/Animend-20221112T055402Z-001/Animend/web/nousername.jsp</file>
        </group>
    </open-files>
</project-private>
